CustomerID,CustomerName,Email,Country
1,"Customer_1","customer1@example.com","USA"
2,"Customer_2","customer2@example.com","UK"
3,"Customer_3","customer3@example.com","India"
4,"Customer_4","customer4@example.com","USA"
5,"Customer_5","customer5@example.com","UK"
6,"Customer_6","customer6@example.com","India"
7,"Customer_7","customer7@example.com","USA"
8,"Customer_8","customer8@example.com","UK"
9,"Customer_9","customer9@example.com","India"
10,"Customer_10","customer10@example.com","USA"
11,"Customer_11","customer11@example.com","UK"
12,"Customer_12","customer12@example.com","India"
13,"Customer_13","customer13@example.com","USA"
14,"Customer_14","customer14@example.com","UK"
15,"Customer_15","customer15@example.com","India"
16,"Customer_16","customer16@example.com","USA"
17,"Customer_17","customer17@example.com","UK"
18,"Customer_18","customer18@example.com","India"
19,"Customer_19","customer19@example.com","USA"
20,"Customer_20","customer20@example.com","UK"
21,"Customer_21","customer21@example.com","India"
22,"Customer_22","customer22@example.com","USA"
23,"Customer_23","customer23@example.com","UK"
24,"Customer_24","customer24@example.com","India"
25,"Customer_25","customer25@example.com","USA"
26,"Customer_26","customer26@example.com","UK"
27,"Customer_27","customer27@example.com","India"
28,"Customer_28","customer28@example.com","USA"
29,"Customer_29","customer29@example.com","UK"
30,"Customer_30","customer30@example.com","India"
31,"Customer_31","customer31@example.com","USA"
32,"Customer_32","customer32@example.com","UK"
33,"Customer_33","customer33@example.com","India"
34,"Customer_34","customer34@example.com","USA"
35,"Customer_35","customer35@example.com","UK"
36,"Customer_36","customer36@example.com","India"
37,"Customer_37","customer37@example.com","USA"
38,"Customer_38","customer38@example.com","UK"
39,"Customer_39","customer39@example.com","India"
40,"Customer_40","customer40@example.com","USA"
41,"Customer_41","customer41@example.com","UK"
42,"Customer_42","customer42@example.com","India"
43,"Customer_43","customer43@example.com","USA"
44,"Customer_44","customer44@example.com","UK"
45,"Customer_45","customer45@example.com","India"
46,"Customer_46","customer46@example.com","USA"
47,"Customer_47","customer47@example.com","UK"
48,"Customer_48","customer48@example.com","India"
49,"Customer_49","customer49@example.com","USA"
50,"Customer_50","customer50@example.com","UK"
51,"Customer_51","customer51@example.com","India"
52,"Customer_52","customer52@example.com","USA"
53,"Customer_53","customer53@example.com","UK"
54,"Customer_54","customer54@example.com","India"
55,"Customer_55","customer55@example.com","USA"
56,"Customer_56","customer56@example.com","UK"
57,"Customer_57","customer57@example.com","India"
58,"Customer_58","customer58@example.com","USA"
59,"Customer_59","customer59@example.com","UK"
60,"Customer_60","customer60@example.com","India"
61,"Customer_61","customer61@example.com","USA"
62,"Customer_62","customer62@example.com","UK"
63,"Customer_63","customer63@example.com","India"
64,"Customer_64","customer64@example.com","USA"
65,"Customer_65","customer65@example.com","UK"
66,"Customer_66","customer66@example.com","India"
67,"Customer_67","customer67@example.com","USA"
68,"Customer_68","customer68@example.com","UK"
69,"Customer_69","customer69@example.com","India"
70,"Customer_70","customer70@example.com","USA"
71,"Customer_71","customer71@example.com","UK"
72,"Customer_72","customer72@example.com","India"
73,"Customer_73","customer73@example.com","USA"
74,"Customer_74","customer74@example.com","UK"
75,"Customer_75","customer75@example.com","India"
76,"Customer_76","customer76@example.com","USA"
77,"Customer_77","customer77@example.com","UK"
78,"Customer_78","customer78@example.com","India"
79,"Customer_79","customer79@example.com","USA"
80,"Customer_80","customer80@example.com","UK"
81,"Customer_81","customer81@example.com","India"
82,"Customer_82","customer82@example.com","USA"
83,"Customer_83","customer83@example.com","UK"
84,"Customer_84","customer84@example.com","India"
85,"Customer_85","customer85@example.com","USA"
86,"Customer_86","customer86@example.com","UK"
87,"Customer_87","customer87@example.com","India"
88,"Customer_88","customer88@example.com","USA"
89,"Customer_89","customer89@example.com","UK"
90,"Customer_90","customer90@example.com","India"
91,"Customer_91","customer91@example.com","USA"
92,"Customer_92","customer92@example.com","UK"
93,"Customer_93","customer93@example.com","India"
94,"Customer_94","customer94@example.com","USA"
95,"Customer_95","customer95@example.com","UK"
96,"Customer_96","customer96@example.com","India"
97,"Customer_97","customer97@example.com","USA"
98,"Customer_98","customer98@example.com","UK"
99,"Customer_99","customer99@example.com","India"
100,"Customer_100","customer100@example.com","USA"
101,"Customer_101","customer101@example.com","UK"
102,"Customer_102","customer102@example.com","India"
103,"Customer_103","customer103@example.com","USA"
104,"Customer_104","customer104@example.com","UK"
105,"Customer_105","customer105@example.com","India"
106,"Customer_106","customer106@example.com","USA"
107,"Customer_107","customer107@example.com","UK"
108,"Customer_108","customer108@example.com","India"
109,"Customer_109","customer109@example.com","USA"
110,"Customer_110","customer110@example.com","UK"
111,"Customer_111","customer111@example.com","India"
112,"Customer_112","customer112@example.com","USA"
113,"Customer_113","customer113@example.com","UK"
114,"Customer_114","customer114@example.com","India"
115,"Customer_115","customer115@example.com","USA"
116,"Customer_116","customer116@example.com","UK"
117,"Customer_117","customer117@example.com","India"
118,"Customer_118","customer118@example.com","USA"
119,"Customer_119","customer119@example.com","UK"
120,"Customer_120","customer120@example.com","India"
121,"Customer_121","customer121@example.com","USA"
122,"Customer_122","customer122@example.com","UK"
123,"Customer_123","customer123@example.com","India"
124,"Customer_124","customer124@example.com","USA"
125,"Customer_125","customer125@example.com","UK"
126,"Customer_126","customer126@example.com","India"
127,"Customer_127","customer127@example.com","USA"
128,"Customer_128","customer128@example.com","UK"
129,"Customer_129","customer129@example.com","India"
130,"Customer_130","customer130@example.com","USA"
131,"Customer_131","customer131@example.com","UK"
132,"Customer_132","customer132@example.com","India"
133,"Customer_133","customer133@example.com","USA"
134,"Customer_134","customer134@example.com","UK"
135,"Customer_135","customer135@example.com","India"
136,"Customer_136","customer136@example.com","USA"
137,"Customer_137","customer137@example.com","UK"
138,"Customer_138","customer138@example.com","India"
139,"Customer_139","customer139@example.com","USA"
140,"Customer_140","customer140@example.com","UK"
141,"Customer_141","customer141@example.com","India"
142,"Customer_142","customer142@example.com","USA"
143,"Customer_143","customer143@example.com","UK"
144,"Customer_144","customer144@example.com","India"
145,"Customer_145","customer145@example.com","USA"
146,"Customer_146","customer146@example.com","UK"
147,"Customer_147","customer147@example.com","India"
148,"Customer_148","customer148@example.com","USA"
149,"Customer_149","customer149@example.com","UK"
150,"Customer_150","customer150@example.com","India"
151,"Customer_151","customer151@example.com","USA"
152,"Customer_152","customer152@example.com","UK"
153,"Customer_153","customer153@example.com","India"
154,"Customer_154","customer154@example.com","USA"
155,"Customer_155","customer155@example.com","UK"
156,"Customer_156","customer156@example.com","India"
157,"Customer_157","customer157@example.com","USA"
158,"Customer_158","customer158@example.com","UK"
159,"Customer_159","customer159@example.com","India"
160,"Customer_160","customer160@example.com","USA"
161,"Customer_161","customer161@example.com","UK"
162,"Customer_162","customer162@example.com","India"
163,"Customer_163","customer163@example.com","USA"
164,"Customer_164","customer164@example.com","UK"
165,"Customer_165","customer165@example.com","India"
166,"Customer_166","customer166@example.com","USA"
167,"Customer_167","customer167@example.com","UK"
168,"Customer_168","customer168@example.com","India"
169,"Customer_169","customer169@example.com","USA"
170,"Customer_170","customer170@example.com","UK"
171,"Customer_171","customer171@example.com","India"
172,"Customer_172","customer172@example.com","USA"
173,"Customer_173","customer173@example.com","UK"
174,"Customer_174","customer174@example.com","India"
175,"Customer_175","customer175@example.com","USA"
176,"Customer_176","customer176@example.com","UK"
177,"Customer_177","customer177@example.com","India"
178,"Customer_178","customer178@example.com","USA"
179,"Customer_179","customer179@example.com","UK"
180,"Customer_180","customer180@example.com","India"
181,"Customer_181","customer181@example.com","USA"
182,"Customer_182","customer182@example.com","UK"
183,"Customer_183","customer183@example.com","India"
184,"Customer_184","customer184@example.com","USA"
185,"Customer_185","customer185@example.com","UK"
186,"Customer_186","customer186@example.com","India"
187,"Customer_187","customer187@example.com","USA"
188,"Customer_188","customer188@example.com","UK"
189,"Customer_189","customer189@example.com","India"
190,"Customer_190","customer190@example.com","USA"
191,"Customer_191","customer191@example.com","UK"
192,"Customer_192","customer192@example.com","India"
193,"Customer_193","customer193@example.com","USA"
194,"Customer_194","customer194@example.com","UK"
195,"Customer_195","customer195@example.com","India"
196,"Customer_196","customer196@example.com","USA"
197,"Customer_197","customer197@example.com","UK"
198,"Customer_198","customer198@example.com","India"
199,"Customer_199","customer199@example.com","USA"
200,"Customer_200","customer200@example.com","UK"
201,"Customer_201","customer201@example.com","India"
202,"Customer_202","customer202@example.com","USA"
203,"Customer_203","customer203@example.com","UK"
204,"Customer_204","customer204@example.com","India"
205,"Customer_205","customer205@example.com","USA"
206,"Customer_206","customer206@example.com","UK"
207,"Customer_207","customer207@example.com","India"
208,"Customer_208","customer208@example.com","USA"
209,"Customer_209","customer209@example.com","UK"
210,"Customer_210","customer210@example.com","India"
211,"Customer_211","customer211@example.com","USA"
212,"Customer_212","customer212@example.com","UK"
213,"Customer_213","customer213@example.com","India"
214,"Customer_214","customer214@example.com","USA"
215,"Customer_215","customer215@example.com","UK"
216,"Customer_216","customer216@example.com","India"
217,"Customer_217","customer217@example.com","USA"
218,"Customer_218","customer218@example.com","UK"
219,"Customer_219","customer219@example.com","India"
220,"Customer_220","customer220@example.com","USA"
221,"Customer_221","customer221@example.com","UK"
222,"Customer_222","customer222@example.com","India"
223,"Customer_223","customer223@example.com","USA"
224,"Customer_224","customer224@example.com","UK"
225,"Customer_225","customer225@example.com","India"
226,"Customer_226","customer226@example.com","USA"
227,"Customer_227","customer227@example.com","UK"
228,"Customer_228","customer228@example.com","India"
229,"Customer_229","customer229@example.com","USA"
230,"Customer_230","customer230@example.com","UK"
231,"Customer_231","customer231@example.com","India"
232,"Customer_232","customer232@example.com","USA"
233,"Customer_233","customer233@example.com","UK"
234,"Customer_234","customer234@example.com","India"
235,"Customer_235","customer235@example.com","USA"
236,"Customer_236","customer236@example.com","UK"
237,"Customer_237","customer237@example.com","India"
238,"Customer_238","customer238@example.com","USA"
239,"Customer_239","customer239@example.com","UK"
240,"Customer_240","customer240@example.com","India"
241,"Customer_241","customer241@example.com","USA"
242,"Customer_242","customer242@example.com","UK"
243,"Customer_243","customer243@example.com","India"
244,"Customer_244","customer244@example.com","USA"
245,"Customer_245","customer245@example.com","UK"
246,"Customer_246","customer246@example.com","India"
247,"Customer_247","customer247@example.com","USA"
248,"Customer_248","customer248@example.com","UK"
249,"Customer_249","customer249@example.com","India"
250,"Customer_250","customer250@example.com","USA"
251,"Customer_251","customer251@example.com","UK"
252,"Customer_252","customer252@example.com","India"
253,"Customer_253","customer253@example.com","USA"
254,"Customer_254","customer254@example.com","UK"
255,"Customer_255","customer255@example.com","India"
256,"Customer_256","customer256@example.com","USA"
257,"Customer_257","customer257@example.com","UK"
258,"Customer_258","customer258@example.com","India"
259,"Customer_259","customer259@example.com","USA"
260,"Customer_260","customer260@example.com","UK"
261,"Customer_261","customer261@example.com","India"
262,"Customer_262","customer262@example.com","USA"
263,"Customer_263","customer263@example.com","UK"
264,"Customer_264","customer264@example.com","India"
265,"Customer_265","customer265@example.com","USA"
266,"Customer_266","customer266@example.com","UK"
267,"Customer_267","customer267@example.com","India"
268,"Customer_268","customer268@example.com","USA"
269,"Customer_269","customer269@example.com","UK"
270,"Customer_270","customer270@example.com","India"
271,"Customer_271","customer271@example.com","USA"
272,"Customer_272","customer272@example.com","UK"
273,"Customer_273","customer273@example.com","India"
274,"Customer_274","customer274@example.com","USA"
275,"Customer_275","customer275@example.com","UK"
276,"Customer_276","customer276@example.com","India"
277,"Customer_277","customer277@example.com","USA"
278,"Customer_278","customer278@example.com","UK"
279,"Customer_279","customer279@example.com","India"
280,"Customer_280","customer280@example.com","USA"
281,"Customer_281","customer281@example.com","UK"
282,"Customer_282","customer282@example.com","India"
283,"Customer_283","customer283@example.com","USA"
284,"Customer_284","customer284@example.com","UK"
285,"Customer_285","customer285@example.com","India"
286,"Customer_286","customer286@example.com","USA"
287,"Customer_287","customer287@example.com","UK"
288,"Customer_288","customer288@example.com","India"
289,"Customer_289","customer289@example.com","USA"
290,"Customer_290","customer290@example.com","UK"
291,"Customer_291","customer291@example.com","India"
292,"Customer_292","customer292@example.com","USA"
293,"Customer_293","customer293@example.com","UK"
294,"Customer_294","customer294@example.com","India"
295,"Customer_295","customer295@example.com","USA"
296,"Customer_296","customer296@example.com","UK"
297,"Customer_297","customer297@example.com","India"
298,"Customer_298","customer298@example.com","USA"
299,"Customer_299","customer299@example.com","UK"
300,"Customer_300","customer300@example.com","India"
301,"Customer_301","customer301@example.com","USA"
302,"Customer_302","customer302@example.com","UK"
303,"Customer_303","customer303@example.com","India"
304,"Customer_304","customer304@example.com","USA"
305,"Customer_305","customer305@example.com","UK"
306,"Customer_306","customer306@example.com","India"
307,"Customer_307","customer307@example.com","USA"
308,"Customer_308","customer308@example.com","UK"
309,"Customer_309","customer309@example.com","India"
310,"Customer_310","customer310@example.com","USA"
311,"Customer_311","customer311@example.com","UK"
312,"Customer_312","customer312@example.com","India"
313,"Customer_313","customer313@example.com","USA"
314,"Customer_314","customer314@example.com","UK"
315,"Customer_315","customer315@example.com","India"
316,"Customer_316","customer316@example.com","USA"
317,"Customer_317","customer317@example.com","UK"
318,"Customer_318","customer318@example.com","India"
319,"Customer_319","customer319@example.com","USA"
320,"Customer_320","customer320@example.com","UK"
321,"Customer_321","customer321@example.com","India"
322,"Customer_322","customer322@example.com","USA"
323,"Customer_323","customer323@example.com","UK"
324,"Customer_324","customer324@example.com","India"
325,"Customer_325","customer325@example.com","USA"
326,"Customer_326","customer326@example.com","UK"
327,"Customer_327","customer327@example.com","India"
328,"Customer_328","customer328@example.com","USA"
329,"Customer_329","customer329@example.com","UK"
330,"Customer_330","customer330@example.com","India"
331,"Customer_331","customer331@example.com","USA"
332,"Customer_332","customer332@example.com","UK"
333,"Customer_333","customer333@example.com","India"
334,"Customer_334","customer334@example.com","USA"
335,"Customer_335","customer335@example.com","UK"
336,"Customer_336","customer336@example.com","India"
337,"Customer_337","customer337@example.com","USA"
338,"Customer_338","customer338@example.com","UK"
339,"Customer_339","customer339@example.com","India"
340,"Customer_340","customer340@example.com","USA"
341,"Customer_341","customer341@example.com","UK"
342,"Customer_342","customer342@example.com","India"
343,"Customer_343","customer343@example.com","USA"
344,"Customer_344","customer344@example.com","UK"
345,"Customer_345","customer345@example.com","India"
346,"Customer_346","customer346@example.com","USA"
347,"Customer_347","customer347@example.com","UK"
348,"Customer_348","customer348@example.com","India"
349,"Customer_349","customer349@example.com","USA"
350,"Customer_350","customer350@example.com","UK"
351,"Customer_351","customer351@example.com","India"
352,"Customer_352","customer352@example.com","USA"
353,"Customer_353","customer353@example.com","UK"
354,"Customer_354","customer354@example.com","India"
355,"Customer_355","customer355@example.com","USA"
356,"Customer_356","customer356@example.com","UK"
357,"Customer_357","customer357@example.com","India"
358,"Customer_358","customer358@example.com","USA"
359,"Customer_359","customer359@example.com","UK"
360,"Customer_360","customer360@example.com","India"
361,"Customer_361","customer361@example.com","USA"
362,"Customer_362","customer362@example.com","UK"
363,"Customer_363","customer363@example.com","India"
364,"Customer_364","customer364@example.com","USA"
365,"Customer_365","customer365@example.com","UK"
366,"Customer_366","customer366@example.com","India"
367,"Customer_367","customer367@example.com","USA"
368,"Customer_368","customer368@example.com","UK"
369,"Customer_369","customer369@example.com","India"
370,"Customer_370","customer370@example.com","USA"
371,"Customer_371","customer371@example.com","UK"
372,"Customer_372","customer372@example.com","India"
373,"Customer_373","customer373@example.com","USA"
374,"Customer_374","customer374@example.com","UK"
375,"Customer_375","customer375@example.com","India"
376,"Customer_376","customer376@example.com","USA"
377,"Customer_377","customer377@example.com","UK"
378,"Customer_378","customer378@example.com","India"
379,"Customer_379","customer379@example.com","USA"
380,"Customer_380","customer380@example.com","UK"
381,"Customer_381","customer381@example.com","India"
382,"Customer_382","customer382@example.com","USA"
383,"Customer_383","customer383@example.com","UK"
384,"Customer_384","customer384@example.com","India"
385,"Customer_385","customer385@example.com","USA"
386,"Customer_386","customer386@example.com","UK"
387,"Customer_387","customer387@example.com","India"
388,"Customer_388","customer388@example.com","USA"
389,"Customer_389","customer389@example.com","UK"
390,"Customer_390","customer390@example.com","India"
391,"Customer_391","customer391@example.com","USA"
392,"Customer_392","customer392@example.com","UK"
393,"Customer_393","customer393@example.com","India"
394,"Customer_394","customer394@example.com","USA"
395,"Customer_395","customer395@example.com","UK"
396,"Customer_396","customer396@example.com","India"
397,"Customer_397","customer397@example.com","USA"
398,"Customer_398","customer398@example.com","UK"
399,"Customer_399","customer399@example.com","India"
400,"Customer_400","customer400@example.com","USA"
401,"Customer_401","customer401@example.com","UK"
402,"Customer_402","customer402@example.com","India"
403,"Customer_403","customer403@example.com","USA"
404,"Customer_404","customer404@example.com","UK"
405,"Customer_405","customer405@example.com","India"
406,"Customer_406","customer406@example.com","USA"
407,"Customer_407","customer407@example.com","UK"
408,"Customer_408","customer408@example.com","India"
409,"Customer_409","customer409@example.com","USA"
410,"Customer_410","customer410@example.com","UK"
411,"Customer_411","customer411@example.com","India"
412,"Customer_412","customer412@example.com","USA"
413,"Customer_413","customer413@example.com","UK"
414,"Customer_414","customer414@example.com","India"
415,"Customer_415","customer415@example.com","USA"
416,"Customer_416","customer416@example.com","UK"
417,"Customer_417","customer417@example.com","India"
418,"Customer_418","customer418@example.com","USA"
419,"Customer_419","customer419@example.com","UK"
420,"Customer_420","customer420@example.com","India"
421,"Customer_421","customer421@example.com","USA"
422,"Customer_422","customer422@example.com","UK"
423,"Customer_423","customer423@example.com","India"
424,"Customer_424","customer424@example.com","USA"
425,"Customer_425","customer425@example.com","UK"
426,"Customer_426","customer426@example.com","India"
427,"Customer_427","customer427@example.com","USA"
428,"Customer_428","customer428@example.com","UK"
429,"Customer_429","customer429@example.com","India"
430,"Customer_430","customer430@example.com","USA"
431,"Customer_431","customer431@example.com","UK"
432,"Customer_432","customer432@example.com","India"
433,"Customer_433","customer433@example.com","USA"
434,"Customer_434","customer434@example.com","UK"
435,"Customer_435","customer435@example.com","India"
436,"Customer_436","customer436@example.com","USA"
437,"Customer_437","customer437@example.com","UK"
438,"Customer_438","customer438@example.com","India"
439,"Customer_439","customer439@example.com","USA"
440,"Customer_440","customer440@example.com","UK"
441,"Customer_441","customer441@example.com","India"
442,"Customer_442","customer442@example.com","USA"
443,"Customer_443","customer443@example.com","UK"
444,"Customer_444","customer444@example.com","India"
445,"Customer_445","customer445@example.com","USA"
446,"Customer_446","customer446@example.com","UK"
447,"Customer_447","customer447@example.com","India"
448,"Customer_448","customer448@example.com","USA"
449,"Customer_449","customer449@example.com","UK"
450,"Customer_450","customer450@example.com","India"
451,"Customer_451","customer451@example.com","USA"
452,"Customer_452","customer452@example.com","UK"
453,"Customer_453","customer453@example.com","India"
454,"Customer_454","customer454@example.com","USA"
455,"Customer_455","customer455@example.com","UK"
456,"Customer_456","customer456@example.com","India"
457,"Customer_457","customer457@example.com","USA"
458,"Customer_458","customer458@example.com","UK"
459,"Customer_459","customer459@example.com","India"
460,"Customer_460","customer460@example.com","USA"
461,"Customer_461","customer461@example.com","UK"
462,"Customer_462","customer462@example.com","India"
463,"Customer_463","customer463@example.com","USA"
464,"Customer_464","customer464@example.com","UK"
465,"Customer_465","customer465@example.com","India"
466,"Customer_466","customer466@example.com","USA"
467,"Customer_467","customer467@example.com","UK"
468,"Customer_468","customer468@example.com","India"
469,"Customer_469","customer469@example.com","USA"
470,"Customer_470","customer470@example.com","UK"
471,"Customer_471","customer471@example.com","India"
472,"Customer_472","customer472@example.com","USA"
473,"Customer_473","customer473@example.com","UK"
474,"Customer_474","customer474@example.com","India"
475,"Customer_475","customer475@example.com","USA"
476,"Customer_476","customer476@example.com","UK"
477,"Customer_477","customer477@example.com","India"
478,"Customer_478","customer478@example.com","USA"
479,"Customer_479","customer479@example.com","UK"
480,"Customer_480","customer480@example.com","India"
481,"Customer_481","customer481@example.com","USA"
482,"Customer_482","customer482@example.com","UK"
483,"Customer_483","customer483@example.com","India"
484,"Customer_484","customer484@example.com","USA"
485,"Customer_485","customer485@example.com","UK"
486,"Customer_486","customer486@example.com","India"
487,"Customer_487","customer487@example.com","USA"
488,"Customer_488","customer488@example.com","UK"
489,"Customer_489","customer489@example.com","India"
490,"Customer_490","customer490@example.com","USA"
491,"Customer_491","customer491@example.com","UK"
492,"Customer_492","customer492@example.com","India"
493,"Customer_493","customer493@example.com","USA"
494,"Customer_494","customer494@example.com","UK"
495,"Customer_495","customer495@example.com","India"
496,"Customer_496","customer496@example.com","USA"
497,"Customer_497","customer497@example.com","UK"
498,"Customer_498","customer498@example.com","India"
499,"Customer_499","customer499@example.com","USA"
500,"Customer_500","customer500@example.com","UK"
501,"Customer_501","customer501@example.com","India"
502,"Customer_502","customer502@example.com","USA"
503,"Customer_503","customer503@example.com","UK"
504,"Customer_504","customer504@example.com","India"
505,"Customer_505","customer505@example.com","USA"
506,"Customer_506","customer506@example.com","UK"
507,"Customer_507","customer507@example.com","India"
508,"Customer_508","customer508@example.com","USA"
509,"Customer_509","customer509@example.com","UK"
510,"Customer_510","customer510@example.com","India"
511,"Customer_511","customer511@example.com","USA"
512,"Customer_512","customer512@example.com","UK"
513,"Customer_513","customer513@example.com","India"
514,"Customer_514","customer514@example.com","USA"
515,"Customer_515","customer515@example.com","UK"
516,"Customer_516","customer516@example.com","India"
517,"Customer_517","customer517@example.com","USA"
518,"Customer_518","customer518@example.com","UK"
519,"Customer_519","customer519@example.com","India"
520,"Customer_520","customer520@example.com","USA"
521,"Customer_521","customer521@example.com","UK"
522,"Customer_522","customer522@example.com","India"
523,"Customer_523","customer523@example.com","USA"
524,"Customer_524","customer524@example.com","UK"
525,"Customer_525","customer525@example.com","India"
526,"Customer_526","customer526@example.com","USA"
527,"Customer_527","customer527@example.com","UK"
528,"Customer_528","customer528@example.com","India"
529,"Customer_529","customer529@example.com","USA"
530,"Customer_530","customer530@example.com","UK"
531,"Customer_531","customer531@example.com","India"
532,"Customer_532","customer532@example.com","USA"
533,"Customer_533","customer533@example.com","UK"
534,"Customer_534","customer534@example.com","India"
535,"Customer_535","customer535@example.com","USA"
536,"Customer_536","customer536@example.com","UK"
537,"Customer_537","customer537@example.com","India"
538,"Customer_538","customer538@example.com","USA"
539,"Customer_539","customer539@example.com","UK"
540,"Customer_540","customer540@example.com","India"
541,"Customer_541","customer541@example.com","USA"
542,"Customer_542","customer542@example.com","UK"
543,"Customer_543","customer543@example.com","India"
544,"Customer_544","customer544@example.com","USA"
545,"Customer_545","customer545@example.com","UK"
546,"Customer_546","customer546@example.com","India"
547,"Customer_547","customer547@example.com","USA"
548,"Customer_548","customer548@example.com","UK"
549,"Customer_549","customer549@example.com","India"
550,"Customer_550","customer550@example.com","USA"
551,"Customer_551","customer551@example.com","UK"
552,"Customer_552","customer552@example.com","India"
553,"Customer_553","customer553@example.com","USA"
554,"Customer_554","customer554@example.com","UK"
555,"Customer_555","customer555@example.com","India"
556,"Customer_556","customer556@example.com","USA"
557,"Customer_557","customer557@example.com","UK"
558,"Customer_558","customer558@example.com","India"
559,"Customer_559","customer559@example.com","USA"
560,"Customer_560","customer560@example.com","UK"
561,"Customer_561","customer561@example.com","India"
562,"Customer_562","customer562@example.com","USA"
563,"Customer_563","customer563@example.com","UK"
564,"Customer_564","customer564@example.com","India"
565,"Customer_565","customer565@example.com","USA"
566,"Customer_566","customer566@example.com","UK"
567,"Customer_567","customer567@example.com","India"
568,"Customer_568","customer568@example.com","USA"
569,"Customer_569","customer569@example.com","UK"
570,"Customer_570","customer570@example.com","India"
571,"Customer_571","customer571@example.com","USA"
572,"Customer_572","customer572@example.com","UK"
573,"Customer_573","customer573@example.com","India"
574,"Customer_574","customer574@example.com","USA"
575,"Customer_575","customer575@example.com","UK"
576,"Customer_576","customer576@example.com","India"
577,"Customer_577","customer577@example.com","USA"
578,"Customer_578","customer578@example.com","UK"
579,"Customer_579","customer579@example.com","India"
580,"Customer_580","customer580@example.com","USA"
581,"Customer_581","customer581@example.com","UK"
582,"Customer_582","customer582@example.com","India"
583,"Customer_583","customer583@example.com","USA"
584,"Customer_584","customer584@example.com","UK"
585,"Customer_585","customer585@example.com","India"
586,"Customer_586","customer586@example.com","USA"
587,"Customer_587","customer587@example.com","UK"
588,"Customer_588","customer588@example.com","India"
589,"Customer_589","customer589@example.com","USA"
590,"Customer_590","customer590@example.com","UK"
591,"Customer_591","customer591@example.com","India"
592,"Customer_592","customer592@example.com","USA"
593,"Customer_593","customer593@example.com","UK"
594,"Customer_594","customer594@example.com","India"
595,"Customer_595","customer595@example.com","USA"
596,"Customer_596","customer596@example.com","UK"
597,"Customer_597","customer597@example.com","India"
598,"Customer_598","customer598@example.com","USA"
599,"Customer_599","customer599@example.com","UK"
600,"Customer_600","customer600@example.com","India"
601,"Customer_601","customer601@example.com","USA"
602,"Customer_602","customer602@example.com","UK"
603,"Customer_603","customer603@example.com","India"
604,"Customer_604","customer604@example.com","USA"
605,"Customer_605","customer605@example.com","UK"
